GEN	2	8	plaisir	Eden	glose
GEN	2	23	la femme	Ischa	glose
GEN	2	23	l'homme	d'Isch	glose
GEN	3	17	l'homme	Adam	glose
GEN	3	20	vie	Ève	glose
GEN	4	1	acquisition	Caïn	glose
GEN	4	2	vanité	Abel	glose
GEN	4	16	exil	Nod	glose
GEN	4	25	mis	Seth	glose
GEN	5	29	repos	Noé	glose
GEN	10	6	Egypte	Mitsraïm	glose
GEN	10	14	d'où sont sortis les Philistins	Casloukites	incise
GEN	10	25	partage	Péleg	glose
GEN	11	9	confusion	Babylone	glose
GEN	13	7	or les Cananéens et les Phérésiens habitaient alors dans le pays	Lot	incise
GEN	14	2	c'est Tsohar	Béla	incise
GEN	14	3	c'est la mer salée	Siddim	incise
GEN	14	7	c'est Kadesch	En-mischpat	incise
GEN	14	8	c'est Tsohar	Béla	incise
GEN	16	11	Dieu entend	Ismaël	glose
GEN	16	13	tu es le Dieu de ma vision	Atta-el-roï	glose
GEN	16	14	du Vivant qui me voit	Lakaï-roï	glose
GEN	17	15	princesse	Sara	glose
GEN	17	19	rire	Isaac	glose
GEN	19	20	n'est-elle pas petite ? …	enfuir	incise
GEN	19	22	petitesse	Tsohar	glose
GEN	19	37	race du père	Moab	glose
GEN	19	38	fils de mon peuple	Ben-ammi	glose
GEN	21	3	rire	Isaac	glose
GEN	21	31	puits du serment	Béer-schéba	glose
GEN	22	14	l'Eternel y pourvoira	Jéhova-jiré	glose
GEN	23	2	c'est Hébron	Kiriath-Arba	incise
GEN	23	19	c'est Hébron	Mamré	incise
GEN	24	10	car il avait en main tout le bien de son seigneur	alla	incise
GEN	24	10	Mésopotamie	fleuves	glose
GEN	25	25	velu	Esaü	glose
GEN	25	26	supplanteur	Jacob	glose
GEN	25	30	roux	Edom	glose
GEN	26	20	dispute	Escek	glose
GEN	26	21	contradiction	Sitna	glose
GEN	26	22	largeur	Rekoboth	glose
GEN	26	33	sept	Schiba	glose
GEN	28	19	maison de Dieu	Béthel	glose
GEN	29	32	voyez un fils !	Ruben	glose
GEN	29	33	exaucement	Siméon	glose
GEN	29	34	attachement	Lévi	glose
GEN	29	35	louange	Juda	glose
GEN	30	6	juge	Dan	glose
GEN	30	8	ma lutte	Nephtali	glose
GEN	30	11	prospérité	Gad	glose
GEN	30	13	heureux	Ascer	glose
GEN	30	18	salaire	Issacar	glose
GEN	30	20	habitation	Zabulon	glose
GEN	30	24	qu'il ajoute	Joseph	glose
GEN	31	18	le troupeau qu'il avait acquis, qu'il possédait à Paddan-Aram	possédait	incise
GEN	31	47	monceau du témoignage	Jegar-sahadouta	glose
GEN	31	47	monceau du témoin	Galed	glose
GEN	31	49	poste d'observation	Mitspa	glose
GEN	31	50	il n'y a aucun homme avec nous	filles	incise
GEN	32	2	deux camps	Mahanaïm	glose
GEN	32	28	vainqueur de Dieu	Israël	glose
GEN	32	30	face de Dieu	Péniel	glose
GEN	33	17	feuillées	Souccoth	glose
GEN	33	20	Dieu est le Dieu d'Israël	El-Elohé-Israël	glose
GEN	35	6	c'est Béthel	Canaan	incise
GEN	35	7	le Dieu de Béthel	El-Béthel	glose
GEN	35	8	chêne des pleurs	Allon-bacouth	glose
GEN	35	15	maison de Dieu	Béthel	glose
GEN	35	18	car elle mourut	[d'elle],	incise
GEN	35	18	fils de ma douleur	Ben-oni	glose
GEN	35	18	fils de la main droite	Benjamin	glose
GEN	35	19	c'est Bethléem	d'Ephrath	incise
GEN	35	27	c'est Hébron	Kiriath-Arba	incise
GEN	36	1	c'est Edom	d'Esaü	incise
GEN	38	29	brèche	Pérets	glose
GEN	38	30	aurore	Zérak	glose
GEN	41	43	à genoux	Abrek	glose
GEN	41	51	oubli	Manassé	glose
GEN	41	52	fructifiant	Ephraïm	glose
GEN	45	11	car il y aura encore cinq années de famine	entretiendrai	incise
GEN	48	14	et c'était le plus jeune	d'Ephraïm	incise
GEN	50	11	champ des Egyptiens	Abel-Mitsraïm	glose
EXO	2	10	retiré de l'eau	Moïse	glose
EXO	2	22	séjournant-là	Guerschom	glose
EXO	3	15	l'Eternel	JÉHOVA	glose
EXO	6	3	l'Eternel	Jéhova	glose
EXO	12	11	le passage	Pâque	glose
EXO	13	4	des épis	d'Abib	glose
EXO	15	23	amertume	Mara	glose
EXO	16	31	qu'est-ce ?	Manne	glose
EXO	17	7	tentation et contestation	Mériba	glose
EXO	17	15	l'Eternel mon étendard	Jéhova-nissi	glose
EXO	18	3	étranger là	Guerschom	glose
EXO	18	4	Dieu aide	Eliézer	glose
EXO	20	8	repos	sabbat	glose
EXO	28	30	lumières et perfections	Thoummim	glose
EXO	29	9	Aaron et ses fils	ceinture	incise
EXO	29	22	car c'est le bélier de consécration	droite	incise
EXO	30	13	selon le sicle du sanctuaire, à vingt guéras le sicle	sicle	incise
EXO	33	6	et les fils d'Israël se dépouillèrent de leurs ornements, depuis la montagne d'Horeb		incise
EXO	34	14	car tu ne te prosterneras devant aucun autre dieu, parce que l'Eternel se nomme Jaloux, c'est un Dieu jaloux		incise
EXO	34	29	et les deux tables du témoignage étaient dans la main de Moïse, quand il descendit de la montagne	Sinaï	incise
EXO	38	18	ce qui était la largeur [du tissu]	coudées,	incise
LEV	24	11	or sa mère s'appelait Schelomith, fille de Dibri, de la tribu de Dan	Moïse	incise
NUM	3	41	je suis l'Eternel	moi,	incise
NUM	5	18	c'est l'hommage de jalousie	mémorial	incise
NUM	6	2	consécration	nazaréat	glose
NUM	11	3	incendie	Thabéra	glose
NUM	11	34	sépulcre de la convoitise	Kibroth-hattaava	glose
NUM	12	1	car il avait pris une femme Cuschite	prise	incise
NUM	13	16	Jésus	Josué	glose
NUM	13	22	Hébron fut bâtie sept ans avant Tsoan d'Egypte	d'Anak	incise
NUM	13	23	de la grappe	d'Escol	glose
NUM	14	45	extermination	Korma	glose
NUM	16	6	Coré et toute son assemblée	encensoirs	incise
NUM	18	2	attachement	Lévi	glose
NUM	18	16	il est de vingt guéras	sanctuaire	incise
NUM	20	13	contestation	Mériba	glose
NUM	21	3	extermination	Korma	glose
NUM	21	16	puits	Béer	glose
NUM	21	30	Hesçbon est perdue !	percés	incise
NUM	23	14	des sentinelles	Tsophim	glose
NUM	27	1	et voici les noms de ses filles : Makla, Noa, Hogla, Milca et Thirtsa	s'approchèrent	incise
NUM	27	14	contestation	Mériba	glose
NUM	32	33	aux fils de Gad et aux fils de Ruben, et à la moitié de la tribu de Manassé, fils de Joseph	donna,	incise
NUM	32	38	dont les noms furent changés	Baal-Méon	incise
NUM	33	36	c'est Kadesch	Tsin	incise
NUM	34	11	Génézareth	Kinnéreth	glose
NUM	35	19	C'est le rédempteur du sang qui fera mourir le meurtrier ; quand il le rencontrera, c'est lui qui le fera mourir		incise
DEU	2	11	des géants	Réphaïtes	glose
DEU	3	9	Les Sidoniens appellent l'Hermon Sirion, et les Amoréens l'appellent Sénir.		incise
DEU	3	11	géants	Réphaïtes	glose
DEU	3	17	Génézareth	Kinnéreth	glose
DEU	3	19	je sais que vous avez des troupeaux nombreux	troupeaux	incise
DEU	4	48	c'est l'Hermon	Scion	incise
DEU	11	2	car [je ne parle] pas à vos fils, qui n'ont point connu et n'ont point vu la correction de l'Eternel, votre Dieu	aujourd'hui	incise
DEU	13	5	qui vous a fait sortir de la terre d'Egypte et qui vous a rachetés de la maison des esclaves	Dieu,	incise
DEU	14	29	car il n'a ni part ni héritage avec toi	viendra	incise
DEU	16	9	tu commenceras à compter sept semaines dès qu'on commencera [à mettre] la faucille dans les blés	semaines	incise
DEU	17	5	soit l'homme, soit la femme	chose,	incise
DEU	19	9	parce que tu auras gardé pour le pratiquer tout ce commandement, que je te commande aujourd'hui, en aimant l'Eternel, ton Dieu, et en marchant dans ses chemins à toujours		incise
DEU	23	4	Mésopotamie	fleuves	glose
DEU	30	20	car c'est lui qui est ta vie et la longueur de tes jours	lui	incise
DEU	32	15	Israël	Jéschuroun	glose
DEU	33	5	Israël	Jéschuroun	glose
DEU	33	8	perfections et lumières	Ourim	glose
DEU	33	8	tentation	Massa,	glose
DEU	33	8	contestation	Mériba	glose
JOS	1	1	Jésus	Josué	glose
JOS	3	15	or le Jourdain remplit toutes ses rives, tous les jours de la moisson	eaux	incise
JOS	5	3	la colline des circoncis	Guibeath-araloth	glose
JOS	5	9	roulement	Guilgal	glose
JOS	7	26	du trouble	d'Acor	glose
JOS	10	20	des réchappés leur échappèrent et entrèrent dans les villes fortifiées	fin	incise
JOS	11	2	Génézareth	Kinnéreth	glose
JOS	12	4	géants	Rephaïtes	glose
JOS	12	23	nations	Goïm	glose
JOS	13	12	il était demeuré du reste des Réphaïtes	Edréhi,	incise
JOS	13	17	hauts lieux de Baal	Bamoth-Baal	glose
JOS	14	15	cité d'Arba	Kiriath-Arba	glose
JOS	15	7	la source du soleil	Ain-schémesch	glose
JOS	15	7	la source du foulon	Ain-roguel	glose
JOS	15	8	c'est Jérusalem	Jébusiens	incise
JOS	15	13	c'est Hébron	d'Anak,	incise
JOS	15	54	c'est Hébron	Kiriath-Arba	incise
JOS	15	62	la ville du sel	Ir-hammélach	glose
JOS	18	13	c'est Béthel	Louz	incise
JOS	18	28	c'est Jérusalem	Jébus	incise
JOS	21	10	car le premier sort fut pour eux	Lévi	incise
JOS	21	11	c'est Hébron	d'Anak,	incise
JDG	1	17	anathème	Korma	glose
JDG	2	5	les pleurants	Bokim	glose
JDG	3	8	Mésopotamie	fleuves	glose
JDG	4	11	Et Héber, le Kénite, s'était séparé des Kénites , fils de Hobab, beau-père de Moïse, et il avait tendu sa tente jusqu'au chêne, à Tsahanaïm, qui est près de Kédesch.		incise
JDG	6	24	l'Eternel de paix	Jéhova-schalom	glose
JDG	6	32	que Baal plaide	Jeroubbaal	glose
JDG	10	6	Syrie	d'Aram	glose
JDG	15	17	la colline de la mâchoire	Ramath-Lékhi	glose
JDG	15	19	la source de celui qui crie	Ain-hakoré	glose
JDG	18	12	le camp de Dan	Mahané-Dan	glose
JDG	19	10	c'est Jérusalem	Jébus	incise
RUT	1	20	mes délices	Naomi	glose
RUT	1	20	amertume	Mara	glose
1SA	1	9	et Eli, le sacrificateur, était assis sur un trône contre un poteau de la porte du palais de l'Eternel	bu	incise
1SA	1	20	demandé à Dieu	Samuel	glose
1SA	3	2	or ses yeux commençaient à devenir troubles, il ne pouvait plus voir	lieu	incise
1SA	4	21	privé de gloire ?	I-cabod	glose
1SA	7	12	la pierre du secours	d'Ebenézer	glose
1SA	9	9	Précédemment, en Israël, quand on allait pour consulter Dieu, on disait ainsi : Venez, et allons au Voyant ; car le Prophète d'aujourd'hui s'appelait précédemment le Voyant.		incise
1SA	9	27	et il passa	nous	incise
1SA	23	28	Rocher des séparations	Séla-mahlecoth	glose
1SA	25	25	infâme	Nabal	glose
2SA	2	16	le champ des tranchants	Helkath-hatsourim	glose
2SA	5	7	c'est la ville de David	Sion	incise
2SA	5	20	maître des ruptures	Baal-peratsim	glose
2SA	6	8	brèche d'Ouzza	Péretz-Ouzza	glose
2SA	11	4	or elle s'était sanctifiée de sa souillure	elle	incise
2SA	12	25	chéri de l'Eternel	Jédidia	glose
2SA	12	30	elle pesait un talent en or et en pierres précieuses	tête	incise
2SA	14	26	et c'était d'année en année qu'il la rasait, car [sa chevelure] lui pesait et il la rasait	tête	incise
2SA	15	17	la maison d'éloignement	Beth-merkhak	glose
2SA	15	24	et Abiathar monta aussi	Dieu	incise
2SA	19	26	car ton esclave est boiteux	roi	incise
2SA	21	2	les Gabaonites n'étaient point d'entre les fils d'Israël, mais du reste des Amoréens, et les fils d'Israël s'étaient liés à eux par serment, et Saül avait cherché à les frapper, dans sa jalousie pour les fils d'Israël et de Juda	dit	incise
2SA	23	11	et le peuple avait fui devant les Philistins	lentilles	incise
1KI	2	17	car il ne te repoussera pas	Salomon	incise
1KI	2	28	car Joab s'était détourné après Adonija, quoiqu'il ne se fût pas  détourné après Absalom	Joab	incise
1KI	3	26	car ses entrailles étaient brûlantes pour son fils, et elle dit	roi	incise
1KI	4	11	Taphath, fille de Salomon, fut sa femme	Dor	incise
1KI	4	15	lui aussi prit pour femme une fille de Salomon, Basmath	Nephtali	incise
1KI	6	1	c'est le second mois	Ziv	incise
1KI	6	38	c'est le huitième mois	Boul	incise
1KI	7	21	Il affermira	Jakin	glose
1KI	7	21	en Lui la force	Bohaz	glose
1KI	8	2	c'est le septième mois	d'Ethanim	incise
1KI	8	39	car toi, toi seul, tu connais le cœur de tous les fils de l'homme	cœur	incise
1KI	8	42	car ils entendront [parler] de ton grand Nom, et de ta main forte, et de ton bras étendu		incise
1KI	8	46	car il n'y a point d'homme qui ne pèche	toi	incise
1KI	9	13	comme rien	Caboul	glose
1KI	11	26	sa mère, qui était veuve, se nommait Tséroua	Tseréda	incise
1KI	15	20	Génézareth	Kinneroth	glose
1KI	19	15	Syrie	Aram	glose
1KI	20	1	Syrie	d'Aram	glose
1KI	20	12	il était à boire, lui et les rois, sous les feuillées	parole	incise
1KI	21	4	il avait dit : Je ne te donnerai pas l'héritage de mes pères	d'Izréel	incise
2KI	1	16	est-ce faute de Dieu en Israël, pour consulter sa parole ?	d'Ekron	incise
2KI	2	18	il habitait à Jéricho	Elisée	incise
2KI	4	3	n'en prends pas peu	vides	incise
2KI	5	1	Syrie	d'Aram	glose
2KI	13	6	Toutefois ils ne se détournèrent point des péchés de la maison de Jéroboam, par lesquels il avait fait pécher Israël ; ils y marchèrent, et même l'Aschère resta debout à Samarie		incise
2KI	17	16	les deux veaux	fonte	incise
2KI	18	4	morceau d'airain	Nekouschtan	glose
2KI	19	24	l'Egypte	Matsor	glose
2KI	25	8	c'était la dix-neuvième année du règne de Nébucadnetsar, roi de Babylone	mois	incise
2KI	25	23	Jean	Johanan	glose
1CH	1	8	Egypte	Mitsraïm	glose
1CH	1	12	d'où sont sortis les Philistins	Casloukites	incise
1CH	1	19	partage	Péleg	glose
1CH	1	27	c'est Abraham	Abram	incise
1CH	2	7	perturbateur	Acar	glose
1CH	2	9	Caleb	Keloubaï	glose
1CH	2	21	il était âgé de soixante ans	prit	incise
1CH	3	15	Jean	Johanan	glose
1CH	3	19	Ananias	Kanania	glose
1CH	4	9	travail	Jahbets	glose
1CH	4	17	Marie	Miriam	glose
1CH	7	23	dans le malheur	Briha	glose
1CH	7	27	Jésus	Josué	glose
1CH	8	12	celui-ci bâtit Ono, et Lod avec les lieux de son ressort	Schémer	incise
1CH	11	4	c'est Jébus	Jérusalem	incise
1CH	11	5	c'est la ville de David	Sion	incise
1CH	11	13	et le peuple avait fui devant les Philistins	d'orge	incise
1CH	13	6	à Kiriath-jearim	Baala	incise
1CH	13	11	brèche d'Ouzza	Pérets-Ouzza	glose
1CH	14	11	maître des ruptures	Baal-peratsim	glose
1CH	19	6	Mésopotamie	fleuves	glose
1CH	20	2	et il la trouva du poids d'un talent d'or, et il y avait des pierres précieuses	tête	incise
1CH	21	20	Ornan foulait du froment	lui	incise
1CH	22	9	le pacifique	Salomon	glose
1CH	24	10	Abia	Abija	glose
1CH	26	10	car, bien qu'il ne fût pas le premier-né, son père le mit pour chef	chef	incise
1CH	26	31	quant aux Hébronites, on en fit la recherche selon leurs générations, selon [leurs] pères, dans la quarantième année du règne de David, et il se trouva parmi eux des hommes forts et vaillants, à Jahzer de Galaad	Hébronites	incise
1CH	27	24	il n'acheva pas	compter	incise
1CH	28	5	car l'Eternel m'a donné un grand nombre de fils	fils	incise
2CH	2	16	Joppe	Japho	glose
2CH	3	17	Il affermira	Jakin	glose
2CH	3	17	en Lui la force	Boaz	glose
2CH	5	3	c'était le septième mois	fête	incise
2CH	5	11	car tous les sacrificateurs qui se trouvaient [présents] s'étaient sanctifiés sans observer les divisions	saint,	incise
2CH	6	30	car tu connais, toi seul, le cœur des fils de l'homme	cœur	incise
2CH	6	36	car il n'y a point d'homme qui ne pèche	toi	incise
2CH	10	2	il était en Egypte, où il s'était enfui de devant le roi Salomon	appris	incise
2CH	12	2	parce qu'ils avaient prévariqué contre l'Eternel	Jérusalem	incise
2CH	12	3	Lybiens	Loubites	glose
2CH	20	2	c'est Ain-guédi	Katsatson-thamar	incise
2CH	20	10	car il se détourna d'eux et ne les détruisit pas	d'Egypte	incise
2CH	20	26	bénédiction	Beraka	glose
2CH	24	25	car ils le laissèrent dans de grandes souffrances	lui,	incise
EZR	1	8	Zorobabel	Scheschbatsar	glose
EZR	2	2	Jésus	Jésué	glose
EZR	2	9	Zachée	Zaccaï	glose
EZR	2	63	lumières et perfections	Thoummim	glose
EZR	3	7	Joppe	Japho	glose
EZR	8	33	et avec lui était Eléazar, fils de Phinées, et avec eux Jozabad, fils de Jésué, et Noadia, fils de Binnouï, Lévites	sacrificateur	incise
EZR	10	23	c'est Kélita	Kélaïa	incise
NEH	6	6	Guéschem	Gaschmou	glose
NEH	6	10	et il s'était enfermé	Méhétabéel	incise
NEH	7	2	car c'était un homme de vérité et craignant Dieu, plus que beaucoup [d'autres]	Jérusalem	incise
NEH	7	65	lumières et perfections	Thoummim	glose
NEH	8	9	car tout le peuple pleurait en entendant les paroles de la loi	pas	incise
EST	1	1	l'Ethiopie	Cusch	glose
EST	2	7	c'est Esther	Hadassa	incise
EST	2	16	c'est le mois de Tébeth	mois	incise
EST	3	7	c'est le mois de Nisan	mois	incise
EST	3	7	c'est-à-dire le sort	Pour	glose
EST	3	7	c'est le mois d'Adar	mois	incise
EST	3	13	c'est le mois d'Adar	mois	incise
EST	8	9	c'est le mois de Sivan	mois	incise
EST	8	12	c'est le mois d'Adar	mois	incise
EST	9	1	c'est le mois d'Adar	mois	incise
JOB	14	14	quand l'homme est mort, revivra-t-il ?		incise
JOB	19	28	pendant que le principe [qui décide] la cause  se trouve chez moi !	?	incise
PSA	3	2	Sélah.	Dieu.	incise
PSA	3	4	Sélah.	sainteté.	incise
PSA	3	8	Sélah.	peuple.	incise
PSA	4	2	Sélah.	?	incise
PSA	4	4	Sélah.	silence.	incise
PSA	7	5	Sélah.	poussière.	incise
PSA	9	16	Higaïon. Sélah.	mains.	incise
PSA	9	20	Sélah.	mortels.	incise
PSA	20	3	Sélah.	holocauste.	incise
PSA	21	2	Sélah.	!	incise
PSA	24	6	Sélah.	Jacob.	incise
PSA	24	10	Sélah.	gloire.	incise
PSA	32	4	Sélah.	tarie.	incise
PSA	32	5	Sélah.	péché.	incise
PSA	32	7	Sélah.	délivrance.	incise
PSA	39	5	Sélah.	souffle.	incise
PSA	39	11	Sélah.	souffle.	incise
PSA	44	8	Sélah.	nom.	incise
PSA	46	3	Sélah.	orgueil.	incise
PSA	46	7	Sélah.	!	incise
PSA	46	11	Sélah.	retraite.	incise
PSA	47	4	Sélah.	bien-aimé.	incise
PSA	48	8	Sélah.	l'éternité.	incise
PSA	49	13	Sélah.	bouche.	incise
PSA	49	15	Sélah.	prendra.	incise
PSA	50	6	Sélah.	juge.	incise
PSA	52	3	Sélah.	justice.	incise
PSA	52	5	Sélah.	vivants.	incise
PSA	54	3	Sélah.	eux.	incise
PSA	55	7	Sélah.	désert.	incise
PSA	55	19	car il siége dès les jours d'autrefois	répondra	incise
PSA	55	19	Sélah,	d'autrefois),	incise
PSA	57	3	Sélah.	outrages.	incise
PSA	57	6	Sélah.	tombés.	incise
PSA	59	5	Sélah.	scélérats.	incise
PSA	59	13	Sélah.	Jacob.	incise
PSA	60	4	Sélah.	.	incise
PSA	61	4	Sélah.	ailes.	incise
PSA	62	4	Sélah.	maudissent.	incise
PSA	62	8	Sélah.	refuge.	incise
PSA	66	4	Sélah.	nom.	incise
PSA	66	7	Sélah.	s'élever.	incise
PSA	66	15	Sélah.	boucs.	incise
PSA	67	1	Sélah.	;	incise
PSA	67	4	Sélah.	terre.	incise
PSA	68	7	Sélah.	solitude,	incise
PSA	68	19	Sélah.	salut.	incise
PSA	68	32	Sélah.	cantiques.	incise
PSA	75	3	Sélah.	colonnes.	incise
PSA	76	3	Sélah.	guerre.	incise
PSA	76	9	Sélah.	terre.	incise
PSA	77	3	Sélah.	défaillance.	incise
PSA	77	9	Sélah.	?	incise
PSA	77	15	Sélah.	Joseph.	incise
PSA	81	7	Sélah.	Mériba.	incise
PSA	82	2	Sélah.	?	incise
PSA	83	8	Sélah.	Lot.	incise
PSA	84	4	Sélah.	encore.	incise
PSA	84	6	des larmes	Baca	glose
PSA	84	8	Sélah.	!	incise
PSA	85	2	Sélah.	péchés.	incise
PSA	87	3	Sélah.	Dieu.	incise
PSA	87	6	Sélah.	là.	incise
PSA	88	7	Sélah.	vagues.	incise
PSA	88	10	Sélah.	?	incise
PSA	89	4	Sélah.	âges.	incise
PSA	89	37	Sélah.	fidèle.	incise
PSA	89	45	Sélah.	confusion.	incise
PSA	89	48	Sélah.	?	incise
PSA	92	1	repos	sabbat	glose
PSA	95	8	contestation	Mériba	glose
PSA	95	8	tentation	Massa	glose
PSA	140	3	Sélah.	lèvres.	incise
PSA	140	5	Sélah.	pièges.	incise
PSA	140	8	Sélah.	s'élèverait.	incise
PSA	143	6	Sélah.	toi.	incise
ECC	2	12	car que fera l'homme qui viendra après le roi ? Ce qui s'est déjà fait.	;	incise
ECC	8	16	car ni jour ni nuit [l'homme] ne voit de ses yeux le sommeil	terre	incise
ECC	11	8	car ils seront nombreux	ténèbres	incise
ISA	4	3	quiconque sera écrit pour la vie dans Jérusalem	saint	incise
ISA	7	1	Syrie	d'Aram	glose
ISA	7	3	le reste reviendra	Schear-Jaschoub	glose
ISA	7	14	Dieu avec nous	d'Emmanuel	glose
ISA	8	3	qu'on hâte le butin, on presse le pillage	Maher-schalal-hasch-baz	incise
ISA	8	8	Dieu avec nous	Emmanuel	glose
ISA	19	6	l'Egypte	Matsor	glose
ISA	19	18	ville du renversement	Ir-hahérès	glose
ISA	21	11	silence	Douma	glose
ISA	29	1	lion de Dieu	Ariel	glose
ISA	29	2	lion de Dieu	Ariel	glose
ISA	29	10	les prophètes	yeux	glose
ISA	29	10	les voyants	têtes	glose
ISA	30	7	grand bruit	Rahab	glose
ISA	37	25	l'Egypte	Matsor	glose
ISA	44	7	qu'on me le déclare et qu'on me l'expose !	moi	incise
ISA	48	11	car comment [mon nom] serait-il profané ?	j'agis	incise
ISA	49	3	vainqueur de Dieu	Israël	glose
ISA	51	3	lieu de plaisir	Eden	glose
ISA	52	14	tellement il était défait de visage plus qu'aucun homme, et d'aspect, plus que les fils des hommes	sujet	incise
ISA	62	4	mon bon plaisir en elle	Kephtsiba	glose
ISA	62	4	mariée	Behoula	glose
ISA	62	12	recherchée	Derouscha	glose
JER	8	19	Pourquoi m'ont-ils provoqué par leurs images taillées, par les vanités de l'étranger ?	…	incise
JER	12	16	pour jurer par mon nom : L'Eternel est vivant ! comme ils enseignèrent mon peuple à jurer par Baal	peuple	incise
JER	20	1	il était préposé-conducteur dans la Maison de l'Eternel	sacrificateur	incise
JER	20	3	frayeur de toutes parts	Magor-missabib	glose
JER	23	33	ce peuple, ou le prophète, ou un sacrificateur	t'interroge	incise
JER	25	1	c'est la première année de Nébucadretsar, roi de Babylone	Juda	incise
JER	25	26	Babylone	Scésçac	glose
JER	27	8	lui, Nébucadnetsar, roi de Babylone	pas	incise
JER	29	2	après que furent sortis de Jérusalem le roi Jéconias, et la régente, et les eunuques, chefs de Juda et de Jérusalem, avec les charpentiers et les serruriers		incise
JER	32	1	c'est la dix-huitième année de Nébucadretsar	Juda	incise
JER	32	11	l'ordonnance et les statuts	scellée	incise
JER	34	1	pendant que Nébucadnetsar, roi de Babylone, et toute son armée, et tous les royaumes de la terre sur lesquels dominait sa main, et tous les peuples, combattaient contre Jérusalem et contre toutes ses villes	l'Eternel	incise
JER	34	18	le veau qu'ils ont coupé en deux et entre les moitiés duquel ils ont passé	face	incise
JER	35	11	Syrie	d'Aram	glose
JER	40	5	et comme encore il ne s'en retournait point		incise
JER	41	7	lui et les hommes qui étaient avec lui	Néthania	incise
JER	42	2	car de beaucoup nous sommes restés peu, selon que tes yeux nous voient	reste	incise
JER	51	11	Médie	Madaï	glose
JER	51	28	Médie	Madaï	glose
JER	52	12	c'était la dix-neuvième année du règne de Nébucadretsar, roi de Babylone	mois	incise
EZK	1	2	cette année était la cinquième depuis la déportation du roi Joïakin	mois	incise
EZK	2	5	car ils sont une maison revêche	rien	incise
EZK	2	6	car ils sont une maison revêche	d'eux	incise
EZK	5	1	tu te prendras un rasoir de barbier	tranchant	incise
EZK	5	15	c'est moi, l'Eternel, qui ai parlé	…	incise
EZK	14	22	voici, ils sortiront [pour venir] vers vous, et vous verrez leurs voies et leurs œuvres	sortir	incise
EZK	16	23	Malheur, malheur à toi ! dit le Seigneur, l'Eternel	mal	incise
EZK	18	11	bien que, pour lui, il ne pratique aucune de ces choses		incise
EZK	23	4	la tente	Ohola	glose
EZK	23	4	ma tente en elle	Oholiba	glose
EZK	28	2	cependant tu es homme et non dieu, quoique tu rendes ton cœur tel qu'un cœur de dieu	…	incise
EZK	33	33	voici qu'elle arrive !	arrivera	incise
EZK	35	10	et l'Eternel était là	…	incise
EZK	39	11	de la multitude de Gog	Hamon-Gog	glose
EZK	39	16	multitude	Hamona	glose
EZK	48	35	l'Eternel est là	Jéhova-schamma	glose
DAN	10	4	c'est le Hiddékel	fleuve	incise
HOS	1	6	Elle n'est pas bien-aimée	Lo-Ruhama	glose
HOS	1	9	Point mon peuple	Lo-Ammi	glose
HOS	2	1	Mon peuple	Ammi	glose
HOS	2	1	Elle est bien-aimée	Ruhama	glose
HOS	2	15	du trouble	d'Acor	glose
HOS	2	22	Dieu sème	Izréel	glose
HOS	4	15	maison d'idoles	Beth-aven	glose
HOS	12	5	l'Eternel	Jéhova	glose
JOL	3	2	l'Eternel juge	Josaphat	glose
JOL	3	6	Grecs	Javanites	glose
AMO	3	1	sur toute la famille que j'ai fait monter de la terre d'Egypte	d'Israël,	incise
JON	1	10	car ces gens savaient qu'il s'enfuyait de devant la face de l'Eternel, parce qu'il le leur avait appris	?	incise
MIC	1	10	maison de poussière	Beth-léaphra	glose
MIC	1	11	beauté	Schaphir	glose
MIC	1	11	sortie	Tsaanan	glose
MIC	1	11	maison du voisinage	Beth-haëtsel	glose
MIC	1	12	amertume	Maroth	glose
MIC	1	13	indomptable	Lakis	glose
MIC	1	14	possession de Gath	Moréschet-Gath	glose
MIC	1	14	déception	d'Aczib	glose
MIC	1	15	possession	Maréscha	glose
MIC	5	2	féconde	Bethléem-Ephrata	glose
NAM	1	13	Et maintenant je briserai de dessus toi la barre de son joug, et je romprai tes liens !		incise
NAM	3	9	Libyens	Loubites	glose
HAB	3	3	Sélah.	!	incise
HAB	3	9	Sélah.	.	incise
HAB	3	13	Sélah.	comble.	incise
ZEC	1	7	c'est le mois de Sébat	mois	incise
ZEC	7	1	au mois de Kislev	mois	incise
ZEC	8	14	et je ne m'en suis pas repenti	armées	incise
ZEC	14	5	car la vallée des montagnes atteindra jusqu'à Atsal	montagnes	incise
ZEC	14	7	il est connu de l'Eternel	unique	incise
MAT	1	16	Oint	CHRIST	glose
MAT	1	21	Sauveur	JÉSUS	glose
MAT	4	1	le Calomniateur	Diable	glose
MAT	4	10	Adversaire	Satan	glose
MAT	5	18	en vérité	amen	glose
MAT	5	22	homme de rien	raca	glose
MAT	12	1	repos	sabbat	glose
MAT	12	21	Es 42:1, etc.	»	incise
MAT	13	39	le Calomniateur	Diable	glose
MAT	16	17	fils de Jonas	Barjonas	glose
MAT	16	23	Adversaire	Satan	glose
MAT	21	9	sauve je te prie	»	glose
MAT	23	7	docteur, docteur	Rabbi	glose
MAT	24	15	que celui qui lit comprenne	prophète	incise
MAT	26	36	pressoir à huile	Gethsémané	glose
MAT	27	6	le trésor des dons	corbanas	glose
MRK	1	13	l'Adversaire	Satan	glose
MRK	1	21	repos	sabbat	glose
MRK	2	11	dit-il au paralytique	dis	incise
MRK	3	28	en vérité	Amen	glose
MRK	5	13	or il y en avait environ deux mille	mer	incise
MRK	5	41	je te le dis	fille,	incise
MRK	6	14	car son nom était devenu célèbre	Jésus]	incise
MRK	7	26	or cette femme était grecque, syrophénicienne d'origine		incise
MRK	9	5	Docteur	Rabbi	glose
MRK	10	51	Docteur	Rabboni	glose
MRK	11	9	sauve je te prie	Hosanna	glose
MRK	13	14	que celui qui lit comprenne	Daniel	incise
MRK	14	32	pressoir à huile	Gethsémané	glose
LUK	1	31	Sauveur	JÉSUS	glose
LUK	2	2	Le premier dénombrement même se fit pendant que Quirinus était  gouverneur de Syrie.		incise
LUK	2	4	parce qu'il était de la maison et de la famille de David	Bethléem	incise
LUK	2	23	selon qu'il est écrit dans la loi du Seigneur, que tout mâle premier-né sera appelé saint au Seigneur		incise
LUK	2	26	l'Oint	Christ	glose
LUK	2	35	et quant à toi-même un glaive transpercera ton âme		incise
LUK	4	2	le Calomniateur	Diable	glose
LUK	4	8	Adversaire	Satan	glose
LUK	4	16	repos	sabbat	glose
LUK	4	24	en vérité	Amen	glose
LUK	5	24	dit-il au paralytique	dis	incise
LUK	9	20	l'Oint	Christ	glose
LUK	16	28	car j'ai cinq frères		incise
JHN	1	38	ce qui, traduit, signifie Docteur	Rabbi	incise
JHN	1	41	ce qui se traduit l'Oint	Messie	incise
JHN	1	42	ce qui se traduit Pierre	Céphas	incise
JHN	1	51	en vérité, en vérité	amen	glose
JHN	2	9	or il ne savait pas d'où il venait, mais les serviteurs le savaient, eux qui avaient puisé l'eau	vin	incise
JHN	4	2	toutefois Jésus ne baptisait pas lui-même, mais ses disciples		incise
JHN	4	25	Oint	Christ	glose
JHN	5	2	maison de miséricorde	Béthesda	glose
JHN	6	70	un calomniateur	diable	glose
JHN	7	22	non qu'elle vienne de Moïse, mais des Pères	circoncision	incise
JHN	9	7	ce qui se traduit par Envoyé	Siloé	incise
JHN	9	16	le repos	sabbat	glose
JHN	10	35	et l'Ecriture ne peut être renversée	adressée	incise
JHN	11	8	Docteur	Rabbi	glose
JHN	12	13	Sauve, je te prie	Hosanna	glose
JHN	12	21	celui de Bethsaïda de Galilée	Philippe	incise
JHN	13	2	le Calomniateur	Diable	glose
JHN	13	27	l'Adversaire	Satan	glose
JHN	19	25	celle de Cléopas	Marie	incise
ACT	1	15	et la foule des personnes  était d'environ cent vingt, en un même lieu	dit	incise
ACT	4	26	son Oint	Christ	glose
ACT	4	36	ce qui se traduit, Fils de consolation	Barnabas	incise
ACT	5	3	l'Adversaire	Satan	glose
ACT	5	17	c'était la secte des sadducéens	adhérents	incise
ACT	9	36	Chevrette	Dorcas	glose
ACT	10	38	du Calomniateur	Diable	glose
ACT	13	8	car son nom se traduit ainsi	magicien	incise
ACT	14	12	Jupiter	Zeus	glose
ACT	14	12	Mercure	Hermès	glose
ACT	19	24	de Diane	d'Artémis	glose
ACT	19	27	Diane	Artémis	glose
ACT	26	5	s'ils veulent en rendre témoignage	longtemps	incise
ACT	28	11	Castor et Pollux	Dioscures	glose
ROM	3	21	la loi et les prophètes lui rendant témoignage	manifestée	incise
ROM	4	11	afin que la justice leur fût imputée à eux aussi	l'incirconcision	incise
ROM	7	1	car je parle à ceux qui savent [ce que c'est qu'une] loi	frères	incise
ROM	8	20	non volontairement mais à cause de celui qui l'y soumit	vanité	incise
ROM	9	29	des armées	Sabaoth	glose
ROM	11	4	1R 19:10,18	»	incise
ROM	13	9	Ex 20	»	incise
ROM	13	9	et s'il y a quelque autre commandement	20)	incise
ROM	16	20	l'Adversaire	Satan	glose
1CO	5	5	à l'Adversaire	Satan	glose
1CO	8	5	comme il y a beaucoup de dieux et beaucoup de seigneurs	terre	incise
1CO	16	22	le Seigneur vient	atha	glose
2CO	2	11	l'Adversaire	Satan	glose
2CO	2	16	et qui est suffisant pour ces choses ?	vie	incise
2CO	5	7	car nous marchons par la foi, non par la vue		incise
2CO	7	8	car je vois que cette lettre vous a attristés, bien que pour peu de temps	repenti	incise
2CO	8	3	je l'atteste	pouvoir	incise
2CO	11	21	je parle avec imprudence	hardiesse	incise
2CO	11	23	je parle en déraisonnant	?	incise
2CO	12	2	si ce fut en corps, je ne sais ; si ce fut hors du corps, je ne sais, Dieu le sait	ciel	incise
2CO	12	3	si [ce fut] en corps ou hors du corps, je ne sais, Dieu le sait	homme	incise
GAL	2	6	quels qu'ils aient jamais été, cela ne m'importe en rien , Dieu n'a pas égard à l'apparence de l'homme	chose	incise
GAL	2	8	car celui qui a déployé son efficace en  Pierre pour sa mission envers la circoncision, a aussi déployé son efficace en  moi pour les nations		incise
GAL	5	8	qui vous anime	persuasion	ajout
EPH	2	5	c'est par grâce que vous êtes sauvés	Christ	incise
EPH	4	27	au Calomniateur	Diable	glose
EPH	5	9	car le fruit de l'Esprit est en toute bonté, justice et vérité		incise
COL	4	10	s'il va chez vous, recevez-le	ordres	incise
1TH	2	18	l'Adversaire	Satan	glose
2TH	1	5	démonstration du juste jugement de Dieu !		incise
2TH	2	9	de l'Adversaire	Satan	glose
1TI	1	20	à l'Adversaire	Satan	glose
1TI	2	7	je dis la vérité dans le Christ, je ne mens pas	Envoyé	incise
1TI	3	6	du Calomniateur	Diable	glose
1TI	5	15	l'Adversaire	Satan	glose
HEB	2	14	le Calomniateur	Diable	glose
HEB	7	2	c'est-à-dire roi de paix	Salem	incise
HEB	7	19	car la loi n'a rien consommé		incise
HEB	7	21	car tandis que ceux-là ont été faits sacrificateurs sans serment, celui-ci l'a été avec serment par celui qui lui a dit : « Le Seigneur a juré et il ne se repentira point : Tu es sacrificateur éternellement, selon l'ordre de Melchisédec		incise
HEB	10	8	choses qui sont offertes selon la loi	»	incise
HEB	10	20	c'est-à-dire de sa chair	voile	incise
JAS	4	7	au Calomniateur	Diable	glose
JAS	4	14	car, qu'est-ce que votre vie ? certes, c'est une vapeur qui paraît pour un peu de temps et qui disparaît ensuite	lendemain	incise
JAS	5	4	des armées	Sabaoth	glose
1PE	5	8	le Calomniateur	Diable	glose
2PE	2	8	car ce juste, habitant parmi eux, tourmentait de jour en jour son âme juste par ce qu'il voyait et ce qu'il entendait de leurs œuvres iniques		incise
1JN	3	8	du Calomniateur	Diable	glose
JUD	1	9	le Calomniateur	Diable	glose
REV	2	9	de l'Adversaire	Satan	glose
REV	2	10	le Calomniateur	Diable	glose
REV	3	14	la Vérité	l'Amen	glose
REV	9	11	Destructeur	Apollyon	glose
REV	11	15	de son Oint	Christ	glose
REV	12	10	de son Oint	Christ	glose
REV	19	1	louez l'Eternel	Alléluia	glose
